<?xml version="1.0" encoding="UTF-8"?>
<GenRun Id="impl_1" LaunchPart="xc7a100tcsg324-1" LaunchTime="1732703175">
  <File Type="BG-DRC" Name="top_k2.drc"/>
  <File Type="ROUTE-ERROR-DCP" Name="top_k2_routed_error.dcp"/>
  <File Type="OPT-DRC" Name="top_k2_drc_opted.rpt"/>
  <File Type="OPT-DCP" Name="top_k2_opt.dcp"/>
  <File Type="REPORTS-TCL" Name="top_k2_reports.tcl"/>
  <File Type="ROUTE-BUS-SKEW-RPX" Name="top_k2_bus_skew_routed.rpx"/>
  <File Type="ROUTE-TIMING-RPX" Name="top_k2_timing_summary_routed.rpx"/>
  <File Type="BITSTR-RBT" Name="top_k2.rbt"/>
  <File Type="PHYSOPT-DCP" Name="top_k2_physopt.dcp"/>
  <File Type="ROUTE-TIMING-PB" Name="top_k2_timing_summary_routed.pb"/>
  <File Type="BITSTR-MSK" Name="top_k2.msk"/>
  <File Type="PA-TCL" Name="top_k2.tcl"/>
  <File Type="ROUTE-BUS-SKEW-PB" Name="top_k2_bus_skew_routed.pb"/>
  <File Type="OPT-HWDEF" Name="top_k2.hwdef"/>
  <File Type="ROUTE-BUS-SKEW" Name="top_k2_bus_skew_routed.rpt"/>
  <File Type="BITSTR-MMI" Name="top_k2.mmi"/>
  <File Type="PLACE-PRE-SIMILARITY" Name="top_k2_incremental_reuse_pre_placed.rpt"/>
  <File Type="ROUTE-DCP" Name="top_k2_routed.dcp"/>
  <File Type="ROUTE-METHODOLOGY-DRC-PB" Name="top_k2_methodology_drc_routed.pb"/>
  <File Type="ROUTE-BLACKBOX-DCP" Name="top_k2_routed_bb.dcp"/>
  <File Type="BG-BGN" Name="top_k2.bgn"/>
  <File Type="ROUTE-DRC" Name="top_k2_drc_routed.rpt"/>
  <File Type="ROUTE-DRC-PB" Name="top_k2_drc_routed.pb"/>
  <File Type="BG-BIT" Name="top_k2.bit"/>
  <File Type="ROUTE-STATUS-PB" Name="top_k2_route_status.pb"/>
  <File Type="ROUTE-METHODOLOGY-DRC" Name="top_k2_methodology_drc_routed.rpt"/>
  <File Type="ROUTE-CLK" Name="top_k2_clock_utilization_routed.rpt"/>
  <File Type="BITSTR-BMM" Name="top_k2_bd.bmm"/>
  <File Type="ROUTE-METHODOLOGY-DRC-RPX" Name="top_k2_methodology_drc_routed.rpx"/>
  <File Type="BITSTR-NKY" Name="top_k2.nky"/>
  <File Type="ROUTE-TIMINGSUMMARY" Name="top_k2_timing_summary_routed.rpt"/>
  <File Type="BG-BIN" Name="top_k2.bin"/>
  <File Type="BITSTR-SYSDEF" Name="top_k2.sysdef"/>
  <File Type="BITSTR-LTX" Name="top_k2.ltx"/>
  <File Type="POSTROUTE-PHYSOPT-DCP" Name="top_k2_postroute_physopt.dcp"/>
  <File Type="POSTROUTE-PHYSOPT-BLACKBOX-DCP" Name="top_k2_postroute_physopt_bb.dcp"/>
  <File Type="WBT-USG" Name="usage_statistics_webtalk.html"/>
  <File Type="POSTPLACE-PWROPT-DCP" Name="top_k2_postplace_pwropt.dcp"/>
  <File Type="RDI-RDI" Name="top_k2.vdi"/>
  <File Type="ROUTE-PWR" Name="top_k2_power_routed.rpt"/>
  <File Type="ROUTE-DRC-RPX" Name="top_k2_drc_routed.rpx"/>
  <File Type="ROUTE-PWR-SUM" Name="top_k2_power_summary_routed.pb"/>
  <File Type="ROUTE-PWR-RPX" Name="top_k2_power_routed.rpx"/>
  <File Type="ROUTE-STATUS" Name="top_k2_route_status.rpt"/>
  <File Type="PLACE-CTRL" Name="top_k2_control_sets_placed.rpt"/>
  <File Type="PLACE-UTIL-PB" Name="top_k2_utilization_placed.pb"/>
  <File Type="PLACE-UTIL" Name="top_k2_utilization_placed.rpt"/>
  <File Type="PLACE-IO" Name="top_k2_io_placed.rpt"/>
  <File Type="PLACE-DCP" Name="top_k2_placed.dcp"/>
  <File Type="PWROPT-DCP" Name="top_k2_pwropt.dcp"/>
  <FileSet Name="sources" Type="DesignSrcs" RelSrcDir="$PSRCDIR/sources_1">
    <Filter Type="Srcs"/>
    <File Path="$PPRDIR/../k2processor/k2processor.srcs/sources_1/new/ALU.sv">
      <FileInfo>
        <Attr Name="UsedIn" Val="synthesis"/>
        <Attr Name="UsedIn" Val="implementation"/>
        <Attr Name="UsedIn" Val="simulation"/>
      </FileInfo>
    </File>
    <File Path="$PPRDIR/../k2processor/k2processor.srcs/sources_1/new/Counter.sv">
      <FileInfo>
        <Attr Name="UsedIn" Val="synthesis"/>
        <Attr Name="UsedIn" Val="implementation"/>
        <Attr Name="UsedIn" Val="simulation"/>
      </FileInfo>
    </File>
    <File Path="$PPRDIR/../k2processor/k2processor.srcs/sources_1/new/Instruction_memory.sv">
      <FileInfo>
        <Attr Name="UsedIn" Val="synthesis"/>
        <Attr Name="UsedIn" Val="implementation"/>
        <Attr Name="UsedIn" Val="simulation"/>
      </FileInfo>
    </File>
    <File Path="$PPRDIR/../k2processor/k2processor.srcs/sources_1/new/Memory.sv">
      <FileInfo>
        <Attr Name="UsedIn" Val="synthesis"/>
        <Attr Name="UsedIn" Val="implementation"/>
        <Attr Name="UsedIn" Val="simulation"/>
      </FileInfo>
    </File>
    <File Path="$PPRDIR/../k2processor/k2processor.srcs/sources_1/new/Top_Main.sv">
      <FileInfo>
        <Attr Name="UsedIn" Val="synthesis"/>
        <Attr Name="UsedIn" Val="implementation"/>
        <Attr Name="UsedIn" Val="simulation"/>
      </FileInfo>
    </File>
    <File Path="$PPRDIR/../counter_n_bit.sv">
      <FileInfo>
        <Attr Name="UsedIn" Val="synthesis"/>
        <Attr Name="UsedIn" Val="implementation"/>
        <Attr Name="UsedIn" Val="simulation"/>
      </FileInfo>
    </File>
    <File Path="$PPRDIR/../k2processor/k2processor.srcs/sources_1/new/decoder_2X4.sv">
      <FileInfo>
        <Attr Name="UsedIn" Val="synthesis"/>
        <Attr Name="UsedIn" Val="implementation"/>
        <Attr Name="UsedIn" Val="simulation"/>
      </FileInfo>
    </File>
    <File Path="$PPRDIR/../k2processor/k2processor.srcs/sources_1/new/decoderk2.sv">
      <FileInfo>
        <Attr Name="UsedIn" Val="synthesis"/>
        <Attr Name="UsedIn" Val="implementation"/>
        <Attr Name="UsedIn" Val="simulation"/>
      </FileInfo>
    </File>
    <File Path="$PPRDIR/../k2processor/k2processor.srcs/sources_1/new/flipflop.sv">
      <FileInfo>
        <Attr Name="UsedIn" Val="synthesis"/>
        <Attr Name="UsedIn" Val="implementation"/>
        <Attr Name="UsedIn" Val="simulation"/>
      </FileInfo>
    </File>
    <File Path="$PPRDIR/../k2processor/k2processor.srcs/sources_1/new/mux2to1_4bit.sv">
      <FileInfo>
        <Attr Name="UsedIn" Val="synthesis"/>
        <Attr Name="UsedIn" Val="implementation"/>
        <Attr Name="UsedIn" Val="simulation"/>
      </FileInfo>
    </File>
    <File Path="$PPRDIR/../k2processor/k2processor.srcs/sources_1/new/mux4to1.sv">
      <FileInfo>
        <Attr Name="UsedIn" Val="synthesis"/>
        <Attr Name="UsedIn" Val="implementation"/>
        <Attr Name="UsedIn" Val="simulation"/>
      </FileInfo>
    </File>
    <File Path="$PPRDIR/../k2processor/k2processor.srcs/sources_1/new/registerbeh.sv">
      <FileInfo>
        <Attr Name="UsedIn" Val="synthesis"/>
        <Attr Name="UsedIn" Val="implementation"/>
        <Attr Name="UsedIn" Val="simulation"/>
      </FileInfo>
    </File>
    <File Path="$PPRDIR/../sev_seg.sv">
      <FileInfo>
        <Attr Name="UsedIn" Val="synthesis"/>
        <Attr Name="UsedIn" Val="implementation"/>
        <Attr Name="UsedIn" Val="simulation"/>
      </FileInfo>
    </File>
    <File Path="$PPRDIR/../sev_seg_controller.sv">
      <FileInfo>
        <Attr Name="UsedIn" Val="synthesis"/>
        <Attr Name="UsedIn" Val="implementation"/>
        <Attr Name="UsedIn" Val="simulation"/>
      </FileInfo>
    </File>
    <File Path="$PPRDIR/../sev_seg_decoder.sv">
      <FileInfo>
        <Attr Name="UsedIn" Val="synthesis"/>
        <Attr Name="UsedIn" Val="implementation"/>
        <Attr Name="UsedIn" Val="simulation"/>
      </FileInfo>
    </File>
    <File Path="$PPRDIR/../k2processor/k2processor.srcs/sources_1/new/Top_k2.sv">
      <FileInfo>
        <Attr Name="UsedIn" Val="synthesis"/>
        <Attr Name="UsedIn" Val="implementation"/>
        <Attr Name="UsedIn" Val="simulation"/>
      </FileInfo>
    </File>
    <File Path="$PPRDIR/../decoder.sv">
      <FileInfo>
        <Attr Name="AutoDisabled" Val="1"/>
        <Attr Name="UsedIn" Val="synthesis"/>
        <Attr Name="UsedIn" Val="implementation"/>
        <Attr Name="UsedIn" Val="simulation"/>
      </FileInfo>
    </File>
    <Config>
      <Option Name="DesignMode" Val="RTL"/>
      <Option Name="TopModule" Val="top_k2"/>
    </Config>
  </FileSet>
  <FileSet Name="constrs_in" Type="Constrs" RelSrcDir="$PSRCDIR/constrs_1">
    <Filter Type="Constrs"/>
    <File Path="$PPRDIR/../pin-assignment.xdc">
      <FileInfo>
        <Attr Name="UsedIn" Val="synthesis"/>
        <Attr Name="UsedIn" Val="implementation"/>
      </FileInfo>
    </File>
    <Config>
      <Option Name="ConstrsType" Val="XDC"/>
    </Config>
  </FileSet>
  <FileSet Name="utils" Type="Utils" RelSrcDir="$PSRCDIR/utils_1">
    <Filter Type="Utils"/>
    <Config>
      <Option Name="TopAutoSet" Val="TRUE"/>
    </Config>
  </FileSet>
  <Strategy Version="1" Minor="2">
    <StratHandle Name="Vivado Implementation Defaults" Flow="Vivado Implementation 2019"/>
    <Step Id="init_design"/>
    <Step Id="opt_design"/>
    <Step Id="power_opt_design"/>
    <Step Id="place_design"/>
    <Step Id="post_place_power_opt_design"/>
    <Step Id="phys_opt_design"/>
    <Step Id="route_design"/>
    <Step Id="post_route_phys_opt_design"/>
    <Step Id="write_bitstream"/>
  </Strategy>
</GenRun>
